Product Name,Product Description
Smart watch,"Multi-sport Bluetooth smartwatch featuring real-time optical heart rate tracking, step counter, sleep quality analysis, and calorie monitoring. Equipped with a bright color touchscreen, IP68 water-resistant casing, and smart notifications for calls, texts, and app alerts with up to 7-day battery life."
Perfect Fitness Perfect Rip Deck,All-in-one portable bodyweight training platform featuring rotating push-up handles and an expanding track for abdominal rollouts and chest flyes. Built with heavy-duty steel tracks and ergonomic rubberized grips to maximize muscle engagement while reducing wrist and joint strain.
Under Armour Girls' Toddler Spine Surge Runni,"Lightweight toddler running sneakers engineered with Under Armour's signature Spine chassis for lightweight cushioning and structural support. Features a breathable mesh upper, adjustable hook-and-loop strap closure, and non-marking rubber outsole pods for active indoor and outdoor play."
Nike Men's Dri-FIT Victory Golf Polo,"Classic performance golf polo crafted from 100% recycled polyester Dri-FIT fabric that actively pulls sweat away from the skin. Features a ribbed knit collar, standard relaxed fit, 3-button placket, and rolled-forward shoulder seams for an unrestricted golf swing."
Under Armour Men's Compression EV SL Slide,Post-workout recovery slide sandal engineered with an ultra-cushioned EVA foam footbed and an anatomical contour design. Features an adjustable synthetic strap with soft foam lining and durable traction grooves on the outsole for wet locker rooms and poolside comfort.
Under Armour Women's Micro G Skulpt Running S,"High-performance women's road running shoe featuring full-length Micro G foam cushioning that turns cushioned landings into explosive takeoffs. Built with lightweight breathable mesh, molded 4D Foam footbed conforming to the foot, and solid rubber traction in high-impact zones."
Nike Men's Free 5.0+ Running Shoe,Natural-motion running shoe combining low-profile cushioning with deep hexagonal flex grooves for barefoot-like flexibility. Incorporates dynamic Flywire cables integrated with the laces for a snug midfoot lockdown and an engineered mesh upper for maximum ventilation.
Glove It Women's Mod Oval 3-Zip Carry All Gol,"Fashionable and functional women's golf accessory bag featuring Glove It's signature retro Mod Oval graphic pattern. Includes three individual zippered compartments for organizing golf tees, golf balls, smartphone, and personal cosmetics, complete with a detachable shoulder strap and wristlet."
Bridgestone e6 Straight Distance NFL San Dieg,"Officially licensed NFL golf balls featuring the San Diego Chargers team insignia. Engineered with a soft 3-piece construction, anti-side-spin inner layer, and Surlyn cover designed to eliminate slices and hooks while delivering soft feel and maximum straight distance off the tee."
Columbia Men's PFG Anchor Tough T-Shirt,"Heavy-duty Performance Fishing Gear (PFG) crewneck tee crafted from a durable, quick-drying cotton-polyester jersey blend. Designed with an offshore anchor graphic on the back, left chest logo, and UPF sun protection for long days out on the water or dock."
Titleist Pro V1x Golf Balls,"Tour-validated 4-piece golf balls engineered for players seeking maximum distance, higher trajectory, and low long-game spin. Features a high-velocity dual core, spherically-tiled 328 tetrahedral dimple design, and soft cast urethane elastomer cover for Drop-and-Stop greenside scoring control."
Bridgestone e6 Straight Distance NFL Tennesse,"Three-piece low-compression golf balls emblazoned with the official Tennessee Titans NFL logo. Utilizes dual-dimple aerodynamic technology and a straight-distance core formulated to reduce unwanted side spin and produce high, penetrating trajectories down the fairway."
Polar FT4 Heart Rate Monitor,"Accurate fitness training watch bundled with the comfortable H1 coded fabric chest transmitter. Provides continuous ECG-accurate heart rate monitoring, OwnCal calorie burn counter, automatic target zone guidance based on age, and water resistance up to 30 meters for swimming."
ENO Atlas Hammock Straps,"Tree-friendly polyfilament hammock suspension system featuring 30 combined adjustment loops and a combined 400 lb weight capacity. Provides a fast, knot-free setup in under a minute with reflective tracer stitching for nighttime visibility while protecting delicate tree bark."
adidas Men's F10 Messi TRX FG Soccer Cleat,"Lightweight firm-ground soccer cleats inspired by Lionel Messi's signature agility and speed. Constructed with a durable Bravo synthetic leather upper, off-center lacing for a larger striking surface, and Traxion 2.0 molded triangular studs for explosive acceleration on natural turf."
Brooks Women's Ghost 6 Running Shoe,"Award-winning daily trainer engineered for neutral runners seeking a balanced, plush ride. Equipped with adaptive BioMoGo DNA midsole cushioning, full-length Caterpillar Crash Pad for silky-smooth heel-to-toe transitions, and breathable moisture-managing element mesh."
Nike Men's CJ Elite 2 TD Football Cleat,"Calvin Johnson Jr. signature mid-cut gridiron cleats designed for explosive wide receivers and defensive backs. Features ultra-strong Flywire cables for lockdown support, lightweight TPU plate, and strategically placed primary and secondary talon cleats for game-breaking cuts."
Diamondback Women's Serene Classic Comfort Bi,"Smooth-riding women's comfort cruiser bicycle built with an easy-entry step-through 6061-T6 aluminum frame and front suspension fork. Features an upright handlebar posture, plush spring-cushioned saddle, 21-speed Shimano twist shifters, and smooth-rolling 700c tires for paved trails and neighborhood rides."
Industrial consumer electronics,"Ruggedized electronic device and power testing apparatus built to meet industrial durability standards. Features shock-resistant composite casing, high-tolerance digital circuitry, surge protection, and multi-voltage compatibility for commercial workshops and engineering environments."
Web Camera,"High-definition 1080p webcam featuring a wide-angle glass lens, autofocus, and integrated stereo noise-reducing microphones. Designed with a versatile monitor mounting clip and 360-degree swivel for crisp video conferencing, Zoom meetings, streaming, and remote education."
Dell Laptop,"Versatile productivity laptop powered by an Intel Core processor, high-speed solid-state drive (SSD), and crisp anti-glare HD display. Features ergonomic keyboard spacing, integrated Waves MaxxAudio Pro speakers, full-sized USB and HDMI ports, and all-day battery performance."
SOLE E25 Elliptical,"Commercial-grade home elliptical featuring a heavy 20-lb flywheel, power-adjustable incline ramp from 0 to 20 levels, and whisper-quiet magnetic resistance. Includes custom molded foot pedals with a 2-degree inward tilt, pulse grip sensors, and a vibrant 6.5-inch blue backlit LCD console."
Elevation Training Mask 2.0,"Cardiovascular and pulmonary training device designed to strengthen the diaphragm and intercostal muscles through multi-level resistance flux valves. Simulates high-altitude aerobic conditioning to improve lung capacity, physical stamina, and mental endurance across athletic disciplines."
adidas Men's Germany Black Crest Away Tee,"Official licensed German Football Association (DFB) supporter tee featuring a bold monochromatic team crest graphic printed across the chest. Made from soft, breathable 100% cotton single jersey with a ribbed crewneck collar and tailored athletic fit."
Team Golf Pittsburgh Steelers Putter Grip,"Officially licensed NFL golf club putter grip adorned with Pittsburgh Steelers black-and-gold team colors and logo graphics. Features an all-weather textured polyurethane surface for exceptional tackiness, vibration dampening, and consistent stroke control."
Glove It Urban Brick Golf Towel,High-absorption microfiber golf towel boasting Glove It's signature geometric Urban Brick print. Features a heavy-duty carabiner clasp for quick golf cart or bag attachment and a waffle-weave texture designed to clean club grooves and golf balls without scratching finishes.
Team Golf Texas Longhorns Putter Grip,"NCAA officially licensed putter grip showing off University of Texas Longhorns pride. Engineered with a tacky composite polyurethane exterior, burnt-orange graphics, and the iconic Longhorn steer silhouette for a confident, stable putting stroke."
Nike Men's Deutschland Weltmeister Winners Bl,Commemorative championship graphic tee celebrating Germany's triumphant 4th World Cup victory in 2014. Crafted from pure ringspun cotton jersey with metallic gold 'Weltmeister' typography and championship stars screen-printed on the chest.
Team Golf St. Louis Cardinals Putter Grip,Official Major League Baseball putter grip featuring St. Louis Cardinals team branding and red-and-white color styling. Built with a non-slip textured rubber under-listing and cushioned polyurethane wrap for enhanced feel on both fast and slow greens.
Summer dresses,"Breezy and lightweight summer dress crafted from soft, breathable cotton-viscose blend fabric. Features an A-line silhouette with a flattering scoop neckline, adjustable spaghetti straps, vibrant floral botanical print, and flowy knee-length hemline perfect for warm sunny days."
Porcelain crafts,"Fine ceramic decorative porcelain artwork handcrafted by skilled artisans using high-fire kaolin clay. Features an exquisite vitreous glazed finish, delicate hand-painted motifs, and elegant curves, serving as an upscale tabletop centerpiece or collectible keepsake."
Men's gala suit,"Sophisticated men's formal evening suit tailored from premium virgin wool blend with satin shawl lapels. Includes a single-breasted jacket with satin-covered buttons and matching flat-front dress trousers with satin side piping, designed for gala dinners and formal affairs."
Team Golf Tennessee Volunteers Putter Grip,"College golf putter grip featuring official University of Tennessee Volunteers branding, vibrant orange-and-white checkerboard accenting, and the classic Power T logo. Offers a tacky, non-slip feel that performs reliably in both humid and rainy weather."
Team Golf San Francisco Giants Putter Grip,"Officially licensed MLB putter grip highlighting the San Francisco Giants orange and black color scheme with SF emblem. Delivers enhanced shock absorption, soft tactile feel, and consistent hand placement to lower your putts per round."
Glove It Imperial Golf Towel,"Sophisticated women's golf towel decorated with an ornate Moroccan-inspired Imperial navy and white lattice pattern. Made from quick-drying, lint-free microfiber fabric with an integrated swivel clip for effortless bag attachment."
Nike Men's Comfort 2 Slide,Ultra-plush athletic recovery slide featuring a dual-density memory foam footbed that conforms directly to the contours of your foot. Equipped with an adjustable padded synthetic leather strap and deep flex grooves carved into the Phylon outsole for natural stride motion.
Under Armour Hustle Storm Medium Duffle Bag,"Highly water-repellent athletic gear bag treated with UA Storm technology to protect your workout essentials from the elements. Features a tough, abrasion-resistant bottom panel, large front zippered pocket, ventilated shoe and laundry pocket, and adjustable HeatGear shoulder strap."
Under Armour Kids' Mercenary Slide,Durable youth slide sandal featuring a cushioned EVA footbed and an adjustable hook-and-loop synthetic strap lined with soft foam. Engineered with traction pods on the outsole to prevent slipping on wet pool decks and athletic locker rooms.
Under Armour Women's Ignite PIP VI Slide,"Special edition Power In Pink (PIP) women's slide sandal supporting breast cancer awareness initiatives. Features two layers of Performance 4D Foam cushioning, an anatomical footbed contour, and a soft adjustable strap accented with the iconic pink ribbon motif."
Nike Men's Free TR 5.0 TB Training Shoe,"Versatile team-edition cross-training sneaker engineered for agility drills, lifting, and cardio conditioning. Features an engineered mesh upper reinforced with Flywire cables, a snug inner bootie construction, and hexagonal siped Nike Free outsole pods for multi-directional stability."
adidas Youth Germany Black/Red Away Match Soc,"Youth edition of the iconic black and red hoop away jersey worn by Germany during their triumphant 2014 FIFA World Cup campaign. Features breathable Climacool fabric mesh inserts, woven German Football Association crest with 3 championship stars, and ribbed V-neck."
TYR Boys' Team Digi Jammer,"High-performance youth competitive swim jammer constructed from 100% chlorine-proof Durafast Elite polyester fabric. Offers compressive muscle support, an adjustable inner drawcord waistband, full lining, and UPF 50+ sun protection built to withstand over 300+ hours of pool training."
Glove It Women's Imperial Golf Glove,"Premium ladies' golf glove combining a soft Cabretta leather palm for superior club feel with a breathable, stretchable Lycra back adorned with the elegant Imperial geometric print. Includes an adjustable Velcro closure with Glove It crystal logo."
Titleist Pro V1x High Numbers Golf Balls,"One dozen premium Pro V1x golf balls uniquely stamped with player high play numbers (5, 6, 7, 8). Engineered with a high-gradient ZG process dual core and soft urethane cover to deliver explosive ball speed, towering flight, and pinpoint greenside control."
Bridgestone e6 Straight Distance NFL Carolina,"Official NFL licensed golf balls featuring the Carolina Panthers team logo. Built around a super-soft low-compression core and an anti-side-spin mantle layer designed to minimize hook and slice curvature for straighter, longer drives."
Under Armour Women's Ignite Slide,Comfortable women's slide sandal sporting an adjustable synthetic strap with HeatGear lining to keep feet cool and dry. Equipped with dual-layer 4D Foam footbed cushioning and an EVA outsole with sculpted traction pods for reliable all-day comfort.
Titleist Pro V1x High Numbers Personalized Go,"Personalized edition of Titleist's flagship Pro V1x golf balls stamped with high numbers (5, 6, 7, 8) and custom imprinted lettering. Provides elite tour distance, penetrating ball trajectory, and precise Drop-and-Stop short game responsiveness."
GoPro HERO3+ Black Edition Camera,"Ultra-compact action camera capable of recording cinema-quality 4K, 2.7K, and 1080p60 video alongside 12MP photos at 30 fps. Features built-in Wi-Fi, SuperView ultra-wide angle video mode, Auto Low Light adjustment, and a rugged waterproof housing rated to 131 feet (40m)."
Total Gym 1400,"Comprehensive bodyweight resistance home gym system offering over 60 versatile exercises across 8 calibrated resistance levels. Includes leg pulley accessory, dip bars, squat stand, and multi-function bar, folding flat for effortless under-bed or closet storage."
Children's heaters,"Child-safe nursery ceramic space heater designed with cool-touch exterior housing, tip-over automatic shut-off protection, and an overheat sensor. Features adjustable thermostat dial, whisper-quiet fan operation, and finger-proof safety grilles for complete nursery peace of mind."
Team Golf New England Patriots Putter Grip,"Showcase your Patriot pride on every green with this officially licensed NFL putter grip. Crafted with a tacky, moisture-resistant polyurethane outer wrap and deep micro-textures showcasing New England Patriots navy, red, and silver graphics."
adidas Kids' F5 Messi FG Soccer Cleat,"Youth soccer cleats engineered for speed, inspired by Lionel Messi's iconic footwork. Features a durable, easy-to-clean synthetic upper with bold graphic prints, a die-cut EVA insole for lightweight cushioning, and molded firm-ground studs for grip on grass pitches."
Nike Women's Tempo Shorts,"Iconic women's running shorts featuring sweat-wicking Dri-FIT microfiber fabric and curved mesh side ventilation panels for enhanced airflow. Designed with a built-in brief liner, elastic waistband with internal drawcord, and an interior stash pocket for keys and cards."
Glove It Women's Mod Oval Golf Glove,"Designer women's golf glove featuring Glove It's retro Mod Oval geometric pattern across the breathable stretch Lycra back. The palm is made of soft, high-grade Cabretta leather to ensure a soft feel, reliable club grip, and long-lasting durability."
Titleist Pro V1 High Numbers Personalized Gol,"Tour-favorite Titleist Pro V1 golf balls stamped with high numbers (5, 6, 7, 8) and personalized custom text. Delivers penetrating trajectory with low long-game spin, consistent ball flight, extraordinarily soft feel, and superior greenside control."
Under Armour Men's Tech II T-Shirt,"Essential athletic training tee crafted from UA Tech fabric that provides an ultra-soft, natural feel with quick-drying performance. Features anti-odor technology to prevent the growth of odor-causing microbes and a streamlined fuller cut for complete range of motion."
Baby sweater,"Adorable, ultra-soft infant cardigan sweater knitted from 100% hypoallergenic organic cotton. Features gentle ribbed cuffs and hem, smooth wooden front button closures, and breathable warmth that keeps babies cozy without irritating sensitive skin."
Mio ALPHA Heart Rate Monitor/Sport Watch,"Pioneering strapless heart rate monitor watch that reads pulse continuously from the wrist using dual LED optical sensors. Connects seamlessly via Bluetooth Smart (4.0) to fitness apps on iPhone and Android, featuring customizable heart rate training zones and water resistance."
Field & Stream Sportsman 16 Gun Fire Safe,"Heavy-duty steel security firearm safe ETL certified for 30 minutes of fire protection at 1400°F. Features a 3-point locking system with three 1-inch active steel locking bolts, a high-security electronic keypad, and a fully carpeted interior accommodating up to 16 long guns."
Sports Books,"Curated collection of sports publications covering athlete autobiographies, legendary championship chronicles, tactical coaching guides, and sports science analysis. Perfect for passionate sports enthusiasts, coaches, and aspiring athletes."
Diamondback Boys' Insight 24 Performance Hybr,"Fast and versatile youth multi-surface bicycle built on a lightweight 6061 heat-treated aluminum frame. Features a 14-speed Shimano drivetrain with twist shifters, reliable linear-pull alloy V-brakes, and fast-rolling 24-inch road/path tires for fitness and neighborhood commuting."
Polar Loop Activity Tracker,"Sleek, waterproof smart wristband that monitors daily physical movement, steps taken, calories burned, and hours slept. Displays activity goal progress via an elegant 85-LED dot matrix display and pairs with Polar H6/H7 chest sensors for real-time heart rate guidance."
Garmin Forerunner 910XT GPS Watch,"Comprehensive GPS-enabled multisport training watch designed specifically for triathletes. Captures open-water and pool swimming metrics, cycling cadence and power output, running pace, and elevation via a built-in barometric altimeter with up to 20 hours of battery life."
DVDs,"Standard definition digital optical DVD media featuring commercial movies, television series, and documentaries. Includes multi-channel Dolby digital audio, interactive menus, behind-the-scenes bonus features, and multi-language subtitle tracks."
CDs of rock,"Authentic rock music audio CDs capturing iconic guitar riffs, basslines, and vocals from classic rock, hard rock, alternative, and indie legends. Delivers lossless uncompressed 16-bit stereo sound quality accompanied by full-color lyric and photography booklets."
Nike Kids' Grade School KD VI Basketball Shoe,"Kevin Durant's sixth signature basketball shoe scaled down for grade-school athletes. Boasts an ultra-low profile silhouette, Max Air unit in the heel for impact protection, Flywire technology for lateral stability, and a multi-directional herringbone traction outsole."
Nike Women's Free 5.0 TR FIT PRT 4 Training S,"Flexible women's cross-training shoe featuring dynamic printed graphics across a lightweight, breathable engineered mesh upper. Includes hexagonal flex grooves in the Phylon midsole for natural agility, wrapped rubber side pods for traction, and comfortable neoprene collar."
Hirzl Women's Soffft Flex Golf Glove,"Luxury women's golf glove crafted from the finest select Cabretta sheepskin leather treated with proprietary Hirzl SOFFFT technology. Provides an extraordinarily soft, velvety touch, long-lasting supple flexibility, and water-repellent sweat resistance on the golf course."
The North Face Women's Recon Backpack,"Iconic women-specific 30-liter everyday backpack engineered with the FlexVent suspension system featuring contoured shoulder straps and a padded mesh back panel. Includes a fleece-lined 15-inch laptop compartment, stretch front mesh stash pocket, and dual water bottle holders."
Lawn mower,"Durable residential walk-behind rotary lawn mower equipped with a rugged steel cutting deck, adjustable multi-position cutting height levers, and a reliable recoil start engine. Offers versatile 3-in-1 mowing capability: side discharge, rear bagging, and fine grass mulching."
Nike Dri-FIT Crew Sock 6 Pack,"Six-pack of performance athletic crew socks featuring Nike Dri-FIT technology to wick sweat and keep feet cool. Engineered with targeted arch compression band for snug support, reinforced heel and toe cushioning for durability, and ribbed cuffs that stay in place."
Nike Women's Legend V-Neck T-Shirt,"Streamlined athletic training tee cut with a flattering V-neckline and tailored feminine silhouette. Made from 100% recycled polyester Dri-FIT jersey fabric that accelerates evaporation, with flat-seam construction to eliminate chafing during workouts."
Garmin Approach S4 Golf GPS Watch,"High-resolution sunlight-readable touchscreen golf GPS watch preloaded with over 30,000 international courses without subscription fees. Features a dedicated Green View button for manual pin positioning, precise distances to hazards, and Smart Notification alerts from your smartphone."
insta-bed Neverflat Air Mattress,Raised queen-size inflatable camping and guest bed featuring patented NeverFlat dual-pump technology that silently monitors and maintains your chosen firmness all night. Features a plush flocked puncture-resistant top and circular coil construction for optimal spinal support.
Nike Men's Kobe IX Elite Low Basketball Shoe,Kobe Bryant's innovative low-cut signature basketball sneakers featuring a featherweight Flyknit upper for dynamic support. Built with a full-length drop-in Lunarlon foam midsole for responsive cushioning and a thin-web rubber outsole mapped to the natural pressure points of the foot.
Adult dog supplies,"Comprehensive pet care bundle for adult dogs including an adjustable heavy-duty nylon collar and leash, rust-proof stainless steel food and water bowls, an interactive rubber dental chew toy, and odor-neutralizing waste bag dispensers."
First aid kit,"OSHA-compliant multi-purpose medical trauma kit packed in a compact, water-resistant zippered nylon case. Fully stocked with hospital-grade sterile adhesive bandages, gauze pads, antiseptic wipes, burn cream, medical tape, trauma shears, metal tweezers, and a CPR face shield."
Garmin Approach S3 Golf GPS Watch,"Rugged and waterproof golf GPS wristwatch equipped with a glove-friendly high-resolution touchscreen. Preloaded with tens of thousands of global courses, providing accurate yardages to the front, middle, and back of greens, layup and dogleg distances, and a digital scoring tracker."
Rock music,"Curated collection of seminal rock recordings spanning classic rock, psychedelic, grunge, and modern alternative bands. Features rich analog mastering, dynamic drum and electric guitar arrangements, and gatefold album jacket artwork for vinyl and audiophile collectors."
Fighting video games,"Action-packed competitive fighting video game title featuring a deep roster of unique martial artists, responsive frame-accurate combat mechanics, complex combo strings, cinematic special moves, and ranked online multiplayer tournament modes."
Fitbit The One Wireless Activity & Sleep Trac,"Discreet clip-on digital pedometer and wellness monitor that tracks daily steps taken, distance traveled, calories burned, and flights of stairs climbed. Analyzes sleep efficiency cycles, features a silent vibrating alarm, and syncs automatically via Bluetooth to the Fitbit app."
Stiga Master Series ST3100 Competition Indoor,"Tournament-grade indoor ping-pong table featuring a 3/4-inch thick tournament-blue playing top with silk-screened striping for consistent ball bounce. Built with a 2-inch welded steel apron, self-opening 1.5-inch steel legs, 3-inch ball-bearing lockable caster wheels, and a 72-inch tournament net."
Diamondback Girls' Clarity 24 Hybrid Bike 201,"Youth girl's recreational path and pavement hybrid bicycle designed with a low-standover 6061 aluminum alloy frame for confident mounts and dismounts. Features a smooth-shifting 14-speed Shimano drivetrain, linear-pull brakes, and 24-inch wheels for casual neighborhood adventures."
adidas Brazuca 2014 Official Match Ball,"The official match soccer ball of the 2014 FIFA World Cup in Brazil. Features a revolutionary 6-panel symmetrical polyurethane construction thermally bonded without seams, offering unmatched aerodynamic stability, predictable trajectory, and FIFA Quality Pro certification."
GolfBuddy VT3 GPS Watch,"Innovative wearable golf GPS watch combining a sharp visual LCD display with voice capability that speaks distances aloud with the press of a button. Preloaded with 40,000 international golf courses, displaying distance to front/center/back of green and movable pin placements."
Bushnell Pro X7 Jolt Slope Rangefinder,"Top-tier laser golf rangefinder equipped with 7x optical magnification, Vivid Display Technology (VDT), and PinSeeker with JOLT vibration confirmation. Utilizes patented Slope Technology to compute elevation-compensated yardages with 1/2-yard accuracy up to 1 mile away."
Yakima DoubleDown Ace Hitch Mount 4-Bike Rack,"Heavy-duty vehicle hitch bicycle rack capable of transporting up to four bikes. Features anti-sway SwitchBlade cradles to eliminate bike-to-bike contact, tool-free SpeedKnob hitch installation into 1.25-inch or 2-inch receivers, and a tilt-down mast for easy rear trunk and tailgate access."
Nike Men's Fingertrap Max Training Shoe,"High-intensity athletic training shoes designed with an innovative overlapping synthetic leather upper inspired by the classic Chinese finger trap for adaptive lockdown. Features a visible Max Air heel unit, cushy Phylon foam midsole, and deep forefoot flex grooves."
Bowflex SelectTech 1090 Dumbbells,"Space-efficient adjustable selectorized dumbbell system that replaces up to 17 pairs of traditional weights. Effortlessly adjusts from 10 to 90 lbs in 5-lb increments with the turn of a dial, featuring durable molding around metal plates for quiet, clang-free strength workouts."
SOLE E35 Elliptical,"Premium home cardiovascular elliptical machine engineered with a massive 25-lb flywheel, power incline ramp up to 30 degrees, and 20 resistance levels. Features oversized foot pedals designed with a 2-degree inward tilt, a 7.5-inch blue backlit console, and built-in cooling fan."
Hirzl Women's Hybrid Golf Glove,Cutting-edge women's hybrid golf glove featuring a premium Kangaroo leather palm treated with proprietary GRIPPP technology for unparalleled club control in dry or wet rain conditions. Features an airtech mesh back for ventilation and moisture management.
Hirzl Men's Hybrid Golf Glove,Advanced men's golf glove engineered with ultra-durable Kangaroo leather on the gripping palm for up to 3x more grip in dry weather and 5x more in wet conditions. Coupled with flexible synthetic leather and breathable Airtech mesh for unmatched fit.
TaylorMade 2014 Purelite Stand Bag,"Lightweight 4.9-lb golf stand bag featuring a 5-way top with integrated grab handles and full-length club dividers. Includes 7 functional zippered pockets such as a velour-lined valuables pocket and insulated cooler sleeve, supported by an ergonomic 4-point dual shoulder strap."
Bag Boy Beverage Holder,"Clamp-on beverage holder accessory designed to mount directly onto Bag Boy and most standard golf push and pull carts. Features a self-leveling swivel gimbal mechanism that keeps water bottles, cups, and cans upright on hilly golf course terrain to prevent spills."
Bag Boy M330 Push Cart,"Sturdy yet lightweight 3-wheel manual push cart built around a reinforced aluminum frame. Features wide maintenance-free ball-bearing wheels, an integrated scorecard console with golf ball and tee holders, and a compact quick-fold design for effortless car trunk storage."
Clicgear 8.0 Shoe Brush,"Heavy-duty clip-on spike cleaning accessory engineered specifically for Clicgear golf carts. Features stiff reinforced nylon bristles designed to quickly dislodge mud, grass clippings, and debris from golf shoe outsoles and cleats before stepping into the clubhouse."
Titleist Small Wheeled Travel Cover,"Rugged golf luggage travel cover built from water-resistant ballistic nylon with dense foam padding around the clubheads. Features smooth-rolling in-line skate wheels, heavy-duty skid rails, internal compression cinch straps, and external zippered compartments for shoes and rain gear."
Clicgear Rovic Cooler Bag,"Thermal insulated cooler pouch custom-tailored to mount neatly on Clicgear and Rovic golf cart frames. Insulated interior accommodates up to two 750ml bottles or several beverage cans with ice packs, keeping drinks ice-cold throughout all 18 holes of play."
Titleist Club Glove Travel Cover,"Tour-preferred heavy-duty golf travel luggage constructed by Club Glove for Titleist from invista 1000D water-resistant Cordura nylon. Features patented high-impact wheelbase with sealed inline skate bearings, single-piece webbing construction, and ultra-thick club protection padding."
Ogio Race Golf Shoes,"High-performance spikeless athletic golf shoes crafted from soft, water-resistant synthetic leather. Features a lightweight molded EVA midsole, breathable antimicrobial mesh liner, and an aggressive multi-directional rubber traction outsole for seamless course-to-street transition."
LIJA Women's Argyle Golf Polo,"Contemporary women's golf shirt showcasing an artistic tonal argyle print. Made with high-performance 4-way stretch fabric that wicks moisture, dries quickly, and offers UPF 50+ sun protection, featuring a modern Johnny collar and flattering tailored side seams."
LIJA Women's Eyelet Sleeveless Golf Polo,Chic sleeveless women's golf top featuring delicate laser-cut eyelet mesh detailing along the back shoulders for enhanced ventilation. Crafted from silky quick-drying stretch fabric with a concealed zip placket and clean mandarin stand collar.
LIJA Women's Button Golf Dress,"Sporty and elegant golf dress designed with a button-down polo collar, tailored front seams, and detachable inner undershorts. Made with moisture-wicking, anti-wrinkle 4-way stretch jersey that provides unrestricted freedom during your swing on the fairway."
LIJA Women's Mid-Length Panel Golf Shorts,"Modern mid-length women's golf shorts featuring ergonomic side paneling and a wide, comfortable stretch waistband. Features water-repellent stretch woven fabric, deep front slash pockets, and back scorecard pockets tailored for female golfers."
TaylorMade Women's RBZ SL Rescue,Game-improvement women's hybrid club featuring TaylorMade's revolutionary Speed Pocket technology in the sole for explosive ball speed and high launch. Features a lightweight graphite shaft and lower center of gravity to easily launch high-flying shots from the rough or fairway.
Cleveland Golf Women's 588 RTX CB Satin Chrom,"Forgiving cavity-back wedge designed for women golfers, combining classic 588 wedge shape with Rotex (RTX) face milling technology. Features aggressive Tour Zip grooves for supreme greenside spin control and a lightweight graphite shaft optimized for moderate swing speeds."
Top Flite Women's 2014 XL Hybrid,"Easy-to-hit women's hybrid club designed to replace difficult long irons. Features a low-profile head with a deep center of gravity to promote higher launch angles and straighter ball flight, paired with a lightweight women's flex graphite shaft and soft grip."
MDGolf Pittsburgh Penguins Putter,"Officially branded NHL collector's putter featuring the Pittsburgh Penguins team crest on the head and shaft. Features a high-MOI mallet design, CNC-milled aluminum face insert for smooth forward roll, and bold white alignment guidelines on the crown."
TaylorMade White Smoke IN-12 Putter,High-MOI mallet putter engineered with a glare-resistant matte White Smoke crown finish that contrasts sharply against green grass for effortless aiming. Equipped with TaylorMade's PureRoll surlyn face insert and three distinct black alignment dots on the top rail.
Cleveland Golf Collegiate My Custom Wedge 588,"Custom collegiate edition precision-cast 588 wedge crafted from soft 8620 carbon steel. Incorporates Rotex face pattern with sharp Tour Zip Grooves for elite short-game spin, custom-engraved with NCAA collegiate athletic colors and official university emblems."
Merrell Men's All Out Flash Trail Running Sho,Lightweight minimalist trail running shoe built with a 6mm heel-to-toe drop and UniFly impact absorption midsole that connects you to the trail while protecting against rocks. Features a breathable mesh and TPU upper and M-Select GRIP multi-directional traction lugs.
Merrell Women's Grassbow Sport Waterproof Hik,"Fast and agile women's trail hiking sneaker equipped with an M-Select DRY waterproof breathable membrane to lock out moisture. Includes a protective TrailProtect rock pad, molded TPU external heel counter, and M-Select GRIP outsole that bites into dirt and mud."
Merrell Women's Siren Mid Waterproof Hiking B,"Women-specific mid-cut trail boot featuring QForm comfort stride-sequencing cushioning and a waterproof membrane. Constructed with a waterproof nubuck and mesh upper, bellows tongue to keep trail debris out, and high-performance Vibram rubber multi-lug outsole."
Merrell Women's Grassbow Sport Hiking Shoe,"Ultra-breathable warm-weather trail hiking shoe featuring high-flow air mesh and synthetic overlays. Delivers featherweight flexibility with a protective toe bumper, EVA cushioned midsole, and aggressive lugged grip engineered for technical dirt trails."
Toys,"Engaging children's recreational toy collection encompassing educational building blocks, puzzle playsets, and interactive figures. Manufactured from non-toxic, BPA-free durable materials tested to the highest safety standards to stimulate imagination and motor skills."
Pelican Sunstream 100 Kayak,"10-foot sit-on-top recreational kayak constructed from ultra-durable RAM-X high-density polyethylene for maximum impact resistance. Features molded multi-position footrests, a comfortable padded adjustable backrest, and an oversized rear tank well with bungee rigging for gear."
Pelican Maverick 100X Kayak,"10-foot sit-in touring and recreational kayak engineered with a multi-chine twin-arched hull for exceptional tracking and secondary stability. Features an ErgoForm adjustable cushioned seat back, molded cockpit knee pads, cockpit storage console, and rear quick-lock hatch."
O'Brien Men's Neoprene Life Vest,"US Coast Guard approved Type III personal flotation device (PFD) constructed from eco-conscious Bio-Lite neoprene that is lighter and faster-drying than traditional neoprene. Features wide armholes for paddling mobility, a full front zipper, and two adjustable quick-release belt buckles."
